{"cameraMode":{"drawMode":0,"name":"Shaded","section":"Shading Mode"},"sceneLighting":false,"audioPlay":false,"sceneViewState":{"m_AlwaysRefresh":false,"showFog":true,"showSkybox":false,"showFlares":true,"showImageEffects":true,"showParticleSystems":true,"showVisualEffectGraphs":true,"m_FxEnabled":true},"in2DMode":false,"pivot":{"x":25.299999237060548,"y":19.373367309570314,"z":-10.199999809265137},"rotation":{"x":-0.019498104229569436,"y":0.008721516467630864,"z":-0.00016721829888410866,"w":-0.9997900128364563},"size":3.146313428878784,"orthographic":false}