{"cameraMode":{"drawMode":0,"name":"Shaded","section":"Shading Mode"},"sceneLighting":false,"audioPlay":false,"sceneViewState":{"m_AlwaysRefresh":false,"showFog":true,"showSkybox":false,"showFlares":true,"showImageEffects":true,"showParticleSystems":true,"showVisualEffectGraphs":true,"m_FxEnabled":true},"in2DMode":false,"pivot":{"x":33.68090057373047,"y":18.98844337463379,"z":0.7927999496459961},"rotation":{"x":-0.019498104229569436,"y":0.008721516467630864,"z":-0.00016721829888410866,"w":-0.9997900128364563},"size":2.4844419956207277,"orthographic":false}